epoch,time,train/box_loss,train/cls_loss,train/l1_loss,metrics/precision(B),metrics/recall(B),metrics/mAP50(B),metrics/mAP50-95(B),val/box_loss,val/cls_loss,val/l1_loss,lr/pg0,lr/pg1,lr/pg2
1,41.1537,3.27018,6.66367,0.03274,0.00089,0.07914,0.00017,4e-05,3.4067,7.97706,0.04357,0.00331395,0.00331395,0.0701744
2,72.3444,2.73083,5.17604,0.02456,0.00143,0.1244,0.00048,0.00011,2.72559,5.47612,0.03193,0.00663413,0.00663413,0.0401613
3,102.702,2.1441,4.36559,0.0177,0.11518,0.03547,0.02433,0.00673,2.38328,4.70087,0.02595,0.0099411,0.0099411,0.0101349
4,133.146,2.00126,3.73834,0.01464,0.13097,0.08396,0.04828,0.0162,2.16606,4.08524,0.02174,0.0099406,0.0099406,0.0099406
5,163.774,1.95448,3.23439,0.01397,0.27037,0.17538,0.12171,0.05549,1.99188,3.35649,0.01914,0.0099208,0.0099208,0.0099208
6,200.678,1.81234,2.55629,0.01206,0.55323,0.41608,0.42662,0.22625,1.6967,2.18573,0.0148,0.009901,0.009901,0.009901
7,235.64,1.5941,1.8241,0.00944,0.6724,0.51909,0.57966,0.34183,1.51535,1.60597,0.01205,0.0098812,0.0098812,0.0098812
8,270.213,1.45831,1.51046,0.00853,0.68171,0.60347,0.65269,0.39559,1.45223,1.35797,0.01154,0.0098614,0.0098614,0.0098614
9,305.318,1.41043,1.29165,0.00772,0.71502,0.61944,0.67928,0.42005,1.40095,1.20161,0.01105,0.0098416,0.0098416,0.0098416
10,341.035,1.36147,1.18151,0.00784,0.76962,0.64552,0.72157,0.44242,1.39459,1.04257,0.01097,0.0098218,0.0098218,0.0098218
11,374.944,1.33611,1.08269,0.00739,0.77973,0.62305,0.71718,0.43779,1.41034,1.08339,0.01107,0.009802,0.009802,0.009802
12,407.72,1.36059,1.06692,0.00717,0.78726,0.66861,0.74899,0.44813,1.37941,0.98854,0.01038,0.0097822,0.0097822,0.0097822
13,440.352,1.31736,0.99667,0.00708,0.79718,0.67001,0.75312,0.47619,1.31729,0.95883,0.00978,0.0097624,0.0097624,0.0097624
14,473.174,1.33605,0.98892,0.00695,0.78848,0.68119,0.7517,0.47258,1.35211,0.95887,0.01008,0.0097426,0.0097426,0.0097426
15,506.024,1.30149,0.93954,0.00683,0.80714,0.66852,0.75759,0.46844,1.36915,0.92283,0.0105,0.0097228,0.0097228,0.0097228
16,539.823,1.2784,0.9235,0.00691,0.82267,0.6969,0.78483,0.48799,1.31852,0.86338,0.01031,0.009703,0.009703,0.009703
17,573.322,1.29175,0.90173,0.00692,0.81453,0.70734,0.77978,0.495,1.33573,0.86983,0.00997,0.0096832,0.0096832,0.0096832
18,606.261,1.30267,0.89999,0.00676,0.82992,0.68827,0.77967,0.49602,1.31912,0.88468,0.01027,0.0096634,0.0096634,0.0096634
19,639.047,1.26177,0.8652,0.00691,0.81483,0.69859,0.77895,0.49531,1.30039,0.86773,0.00985,0.0096436,0.0096436,0.0096436
20,671.475,1.28191,0.85061,0.00661,0.79657,0.70109,0.77792,0.49235,1.30226,0.84415,0.00961,0.0096238,0.0096238,0.0096238
21,704.176,1.28785,0.85603,0.00683,0.82556,0.71657,0.78982,0.49545,1.32583,0.84997,0.01001,0.009604,0.009604,0.009604
22,736.715,1.24762,0.84421,0.00678,0.81078,0.72627,0.80151,0.49818,1.33552,0.81566,0.00992,0.0095842,0.0095842,0.0095842
23,769.648,1.28262,0.83895,0.00657,0.82284,0.71662,0.78929,0.50288,1.29828,0.83464,0.00977,0.0095644,0.0095644,0.0095644
24,802.344,1.24327,0.83717,0.00659,0.81713,0.731,0.7979,0.50816,1.30789,0.78985,0.01002,0.0095446,0.0095446,0.0095446
25,835.107,1.28373,0.83556,0.00642,0.79485,0.71975,0.79011,0.50058,1.30468,0.80415,0.00973,0.0095248,0.0095248,0.0095248
26,868,1.23106,0.79358,0.00648,0.81037,0.7175,0.78329,0.48995,1.31871,0.8049,0.00976,0.009505,0.009505,0.009505
27,900.912,1.20275,0.7881,0.00632,0.85119,0.70744,0.79797,0.50958,1.31002,0.83068,0.00972,0.0094852,0.0094852,0.0094852
28,933.605,1.2631,0.79922,0.00635,0.80718,0.7221,0.7898,0.49127,1.33194,0.80547,0.00979,0.0094654,0.0094654,0.0094654
29,966.498,1.22138,0.77104,0.00628,0.85129,0.72285,0.81321,0.51598,1.28353,0.77709,0.00937,0.0094456,0.0094456,0.0094456
30,999.085,1.22221,0.76418,0.0063,0.8205,0.72382,0.80057,0.50085,1.28857,0.80558,0.0094,0.0094258,0.0094258,0.0094258
31,1031.7,1.22237,0.7794,0.00638,0.81979,0.73899,0.80142,0.51666,1.30812,0.7566,0.00962,0.009406,0.009406,0.009406
32,1064.32,1.21604,0.74987,0.00622,0.86562,0.71857,0.81322,0.52121,1.27437,0.77652,0.0093,0.0093862,0.0093862,0.0093862
33,1097.18,1.21969,0.76908,0.0062,0.82795,0.74027,0.81396,0.52357,1.2797,0.74926,0.0091,0.0093664,0.0093664,0.0093664
34,1129.82,1.23353,0.76377,0.00616,0.83646,0.72216,0.79712,0.50457,1.31934,0.81639,0.00978,0.0093466,0.0093466,0.0093466
35,1162.55,1.2369,0.73682,0.00619,0.8325,0.72596,0.80192,0.52656,1.27079,0.77083,0.00914,0.0093268,0.0093268,0.0093268
36,1195.36,1.23016,0.74926,0.00642,0.81681,0.74752,0.81322,0.52189,1.29902,0.73506,0.00961,0.009307,0.009307,0.009307
37,1230.15,1.21497,0.73699,0.00606,0.84891,0.72005,0.81875,0.53017,1.2602,0.72578,0.00882,0.0092872,0.0092872,0.0092872
38,1264.67,1.21945,0.74788,0.00617,0.82314,0.74559,0.81077,0.52261,1.28602,0.74795,0.0096,0.0092674,0.0092674,0.0092674
39,1300.27,1.22372,0.74708,0.00621,0.80705,0.73963,0.80418,0.51895,1.30389,0.76845,0.00977,0.0092476,0.0092476,0.0092476
40,1332.93,1.23458,0.76054,0.00618,0.83811,0.72439,0.81265,0.52051,1.28505,0.74346,0.00968,0.0092278,0.0092278,0.0092278
41,1366.11,1.23951,0.75135,0.00617,0.79971,0.73296,0.79898,0.5139,1.28947,0.78322,0.00982,0.009208,0.009208,0.009208
42,1401.51,1.18249,0.71392,0.00602,0.84755,0.731,0.80756,0.51296,1.28323,0.76739,0.00946,0.0091882,0.0091882,0.0091882
43,1435.57,1.19348,0.71789,0.0063,0.82284,0.72524,0.80523,0.52042,1.26052,0.77171,0.00941,0.0091684,0.0091684,0.0091684
44,1470.08,1.21598,0.725,0.00607,0.83501,0.75922,0.82537,0.53807,1.268,0.70333,0.00953,0.0091486,0.0091486,0.0091486
45,1503.99,1.19469,0.71053,0.00607,0.82647,0.72693,0.80444,0.5232,1.26876,0.75583,0.00947,0.0091288,0.0091288,0.0091288
46,1536.77,1.20121,0.7166,0.00608,0.82451,0.73823,0.81039,0.525,1.25218,0.77484,0.00919,0.009109,0.009109,0.009109
47,1569.95,1.18214,0.69506,0.00609,0.8249,0.7126,0.80017,0.5156,1.26609,0.77723,0.00954,0.0090892,0.0090892,0.0090892
48,1603.54,1.18669,0.70221,0.00614,0.86877,0.7191,0.82134,0.53997,1.23265,0.73927,0.00886,0.0090694,0.0090694,0.0090694
49,1637.21,1.19719,0.70533,0.00607,0.83257,0.74926,0.82166,0.53398,1.25031,0.7571,0.00942,0.0090496,0.0090496,0.0090496
50,1672.57,1.20337,0.71077,0.00607,0.82333,0.74973,0.82661,0.54095,1.23722,0.7217,0.00885,0.0090298,0.0090298,0.0090298
51,1707.71,1.20261,0.71714,0.00611,0.82664,0.74355,0.82218,0.53431,1.24468,0.74123,0.00911,0.00901,0.00901,0.00901
52,1744.47,1.16716,0.70245,0.00618,0.84361,0.76406,0.8279,0.53898,1.24142,0.7133,0.00907,0.0089902,0.0089902,0.0089902
53,1781.82,1.18581,0.69354,0.00606,0.82942,0.7478,0.82051,0.53447,1.24987,0.73743,0.00931,0.0089704,0.0089704,0.0089704
54,1818.38,1.2083,0.701,0.00586,0.83652,0.7292,0.81571,0.52799,1.24739,0.74128,0.00932,0.0089506,0.0089506,0.0089506
55,1853.71,1.18531,0.69351,0.00605,0.82237,0.74342,0.81489,0.53058,1.25501,0.76154,0.00915,0.0089308,0.0089308,0.0089308
56,1888.29,1.22313,0.71088,0.00609,0.84746,0.70679,0.79951,0.51606,1.29715,0.79442,0.00948,0.008911,0.008911,0.008911
57,1923.63,1.18482,0.68824,0.00603,0.86187,0.74101,0.82529,0.53742,1.26796,0.70899,0.00955,0.0088912,0.0088912,0.0088912
58,1958.56,1.20692,0.69014,0.00585,0.85475,0.73607,0.82478,0.53078,1.26184,0.72733,0.00943,0.0088714,0.0088714,0.0088714
59,1993.91,1.16703,0.66471,0.00588,0.86904,0.7395,0.83354,0.53853,1.24644,0.70224,0.00911,0.0088516,0.0088516,0.0088516
60,2028.82,1.20186,0.67834,0.00594,0.842,0.74826,0.82389,0.53696,1.23621,0.71623,0.00903,0.0088318,0.0088318,0.0088318
61,2064.15,1.18278,0.67803,0.00606,0.84855,0.74616,0.81439,0.53266,1.25905,0.72532,0.00928,0.008812,0.008812,0.008812
62,2099.52,1.16652,0.68073,0.00588,0.86922,0.75465,0.83418,0.55105,1.21872,0.67744,0.00891,0.0087922,0.0087922,0.0087922
63,2134.64,1.16608,0.66003,0.00586,0.86548,0.74567,0.82685,0.54371,1.234,0.69566,0.00914,0.0087724,0.0087724,0.0087724
64,2168.86,1.17742,0.66987,0.00591,0.82289,0.76729,0.8324,0.53821,1.2321,0.71123,0.00901,0.0087526,0.0087526,0.0087526
65,2201.02,1.18162,0.68885,0.00602,0.84724,0.75637,0.82388,0.5418,1.23335,0.73601,0.00894,0.0087328,0.0087328,0.0087328
66,2231.51,1.17654,0.66759,0.00578,0.8052,0.76608,0.81999,0.53551,1.24316,0.71127,0.00919,0.008713,0.008713,0.008713
67,2262.87,1.14677,0.65403,0.00578,0.84278,0.75589,0.82889,0.53778,1.24354,0.69938,0.00888,0.0086932,0.0086932,0.0086932
68,2296.31,1.18625,0.67925,0.0059,0.83358,0.75203,0.82068,0.5373,1.2304,0.7327,0.00915,0.0086734,0.0086734,0.0086734
69,2329.78,1.19447,0.68332,0.00596,0.86623,0.76063,0.83506,0.54341,1.23056,0.70034,0.00911,0.0086536,0.0086536,0.0086536
70,2365.6,1.1859,0.65006,0.0056,0.84329,0.74431,0.82354,0.54012,1.21632,0.7348,0.00877,0.0086338,0.0086338,0.0086338
71,2398.11,1.16598,0.64983,0.00583,0.84202,0.76029,0.83115,0.55052,1.2106,0.70763,0.00876,0.008614,0.008614,0.008614
72,2430.23,1.19044,0.68137,0.00586,0.85864,0.76136,0.83191,0.54157,1.2437,0.71441,0.00937,0.0085942,0.0085942,0.0085942
73,2462.33,1.14219,0.6402,0.00577,0.86317,0.75885,0.83347,0.55149,1.21293,0.68976,0.00867,0.0085744,0.0085744,0.0085744
74,2494.06,1.16711,0.64624,0.00579,0.86596,0.75001,0.8341,0.55018,1.22248,0.68901,0.00867,0.0085546,0.0085546,0.0085546
75,2524.5,1.17494,0.64222,0.00571,0.87025,0.76748,0.84027,0.54748,1.22685,0.69585,0.00887,0.0085348,0.0085348,0.0085348
76,2556.74,1.16596,0.6356,0.00572,0.8565,0.76916,0.84001,0.56092,1.18974,0.68384,0.00844,0.008515,0.008515,0.008515
77,2590.09,1.14121,0.63108,0.00578,0.87451,0.74545,0.8283,0.55294,1.21345,0.6848,0.00876,0.0084952,0.0084952,0.0084952
78,2622.97,1.1626,0.65737,0.00568,0.88506,0.7305,0.82798,0.55001,1.21914,0.71651,0.00882,0.0084754,0.0084754,0.0084754
79,2656.51,1.14956,0.6419,0.0059,0.88069,0.74512,0.83848,0.55615,1.21688,0.67362,0.00888,0.0084556,0.0084556,0.0084556
80,2689.57,1.14273,0.6328,0.00576,0.86039,0.75116,0.82857,0.55376,1.2164,0.69184,0.00886,0.0084358,0.0084358,0.0084358
81,2722.67,1.13874,0.61973,0.00566,0.86209,0.77207,0.84406,0.55907,1.19204,0.69205,0.00873,0.008416,0.008416,0.008416
82,2756.53,1.15955,0.63523,0.00563,0.88813,0.77354,0.8521,0.56285,1.19355,0.68467,0.00889,0.0083962,0.0083962,0.0083962
83,2789.12,1.17626,0.65226,0.00577,0.86004,0.76666,0.83579,0.5571,1.20677,0.70374,0.00867,0.0083764,0.0083764,0.0083764
84,2820.83,1.15243,0.62809,0.00576,0.86811,0.77436,0.839,0.55822,1.21556,0.69934,0.00877,0.0083566,0.0083566,0.0083566
85,2852.69,1.16696,0.64405,0.00566,0.86265,0.76432,0.83132,0.56098,1.18715,0.71256,0.00876,0.0083368,0.0083368,0.0083368
86,2884.53,1.15007,0.64159,0.00581,0.86706,0.77072,0.84087,0.56022,1.18601,0.66874,0.00853,0.008317,0.008317,0.008317
87,2917.33,1.19124,0.65631,0.00572,0.8776,0.77803,0.85314,0.56278,1.18938,0.65766,0.00875,0.0082972,0.0082972,0.0082972
88,2950.29,1.16214,0.64216,0.00569,0.86223,0.75362,0.83905,0.56024,1.1964,0.67896,0.00871,0.0082774,0.0082774,0.0082774
89,2981.57,1.15142,0.6384,0.00586,0.86256,0.76076,0.83493,0.55689,1.20882,0.687,0.00889,0.0082576,0.0082576,0.0082576
90,3013.75,1.1511,0.63865,0.00581,0.86183,0.77137,0.84358,0.5637,1.18465,0.68768,0.00846,0.0082378,0.0082378,0.0082378
91,3045.59,1.15277,0.63394,0.00576,0.86865,0.76508,0.84246,0.55861,1.20519,0.68785,0.00869,0.008218,0.008218,0.008218
92,3079.41,1.14565,0.62725,0.00571,0.84708,0.77003,0.82944,0.56135,1.19489,0.67687,0.00871,0.0081982,0.0081982,0.0081982
93,3113.4,1.14149,0.62126,0.00567,0.83473,0.78829,0.84119,0.55727,1.19367,0.69132,0.00861,0.0081784,0.0081784,0.0081784
94,3148.13,1.14391,0.62277,0.00584,0.85637,0.75237,0.82975,0.56065,1.18118,0.70052,0.00844,0.0081586,0.0081586,0.0081586
95,3182.66,1.15312,0.62381,0.00564,0.85872,0.7734,0.84222,0.5549,1.19483,0.67054,0.00869,0.0081388,0.0081388,0.0081388
96,3217.35,1.13598,0.6179,0.00571,0.87622,0.76333,0.84159,0.56374,1.19497,0.69132,0.00874,0.008119,0.008119,0.008119
97,3254.14,1.14355,0.62244,0.00564,0.8655,0.77211,0.83682,0.56076,1.17952,0.68303,0.00847,0.0080992,0.0080992,0.0080992
98,3290.39,1.1229,0.62279,0.00565,0.88385,0.77037,0.8493,0.57047,1.17326,0.67759,0.00852,0.0080794,0.0080794,0.0080794
99,3326.31,1.13217,0.61988,0.0056,0.86363,0.76876,0.84148,0.56753,1.18222,0.66184,0.00873,0.0080596,0.0080596,0.0080596
100,3361.92,1.12796,0.60525,0.00561,0.88239,0.77739,0.84745,0.56617,1.19365,0.68122,0.00853,0.0080398,0.0080398,0.0080398
101,3398.24,1.12635,0.6373,0.00569,0.87691,0.77541,0.84748,0.56591,1.17576,0.67525,0.00835,0.00802,0.00802,0.00802
102,3433.82,1.13806,0.61275,0.00553,0.87559,0.77575,0.84886,0.56994,1.17944,0.66363,0.00842,0.0080002,0.0080002,0.0080002
103,3469.39,1.12459,0.60453,0.00552,0.85622,0.79437,0.84439,0.5647,1.1987,0.66032,0.00871,0.0079804,0.0079804,0.0079804
104,3505.36,1.13692,0.60885,0.00562,0.864,0.7889,0.85113,0.57231,1.17088,0.65536,0.00833,0.0079606,0.0079606,0.0079606
105,3541.17,1.13445,0.60106,0.0054,0.85265,0.79259,0.84865,0.57082,1.181,0.65709,0.00884,0.0079408,0.0079408,0.0079408
106,3577.35,1.11665,0.61315,0.00546,0.86752,0.76001,0.84246,0.56565,1.17112,0.65643,0.00843,0.007921,0.007921,0.007921
107,3613.87,1.13455,0.598,0.00521,0.84981,0.77355,0.84054,0.57267,1.17837,0.67179,0.00851,0.0079012,0.0079012,0.0079012
108,3650.09,1.17376,0.62999,0.00552,0.86634,0.78184,0.84879,0.57431,1.17098,0.6521,0.00846,0.0078814,0.0078814,0.0078814
109,3685.77,1.12677,0.60328,0.00559,0.88367,0.76944,0.85125,0.57597,1.16933,0.63831,0.00825,0.0078616,0.0078616,0.0078616
110,3721.37,1.12045,0.60483,0.00546,0.86155,0.75913,0.84059,0.56781,1.1649,0.6719,0.00818,0.0078418,0.0078418,0.0078418
111,3757.18,1.11455,0.6115,0.00558,0.83845,0.78026,0.84735,0.57069,1.17575,0.66785,0.00848,0.007822,0.007822,0.007822
112,3793.18,1.11741,0.61471,0.00546,0.87184,0.78718,0.85571,0.57824,1.16954,0.63032,0.00843,0.0078022,0.0078022,0.0078022
113,3829.55,1.12863,0.60593,0.00568,0.87199,0.77225,0.84911,0.57135,1.17858,0.63553,0.00858,0.0077824,0.0077824,0.0077824
114,3865.52,1.12455,0.60996,0.00562,0.87578,0.78216,0.85394,0.57597,1.15084,0.65732,0.00819,0.0077626,0.0077626,0.0077626
115,3901.45,1.12289,0.60551,0.00559,0.86311,0.78304,0.84919,0.57393,1.17604,0.64558,0.00865,0.0077428,0.0077428,0.0077428
116,3937.54,1.11455,0.60672,0.00562,0.86961,0.77996,0.85165,0.57196,1.16847,0.64428,0.00844,0.007723,0.007723,0.007723
117,3973.97,1.14034,0.62334,0.00583,0.87291,0.78247,0.84681,0.57083,1.1626,0.67504,0.00817,0.0077032,0.0077032,0.0077032
118,4010,1.12568,0.60571,0.00547,0.8786,0.77946,0.8512,0.57543,1.15822,0.65734,0.00814,0.0076834,0.0076834,0.0076834
119,4045.78,1.11805,0.60137,0.0054,0.87552,0.76901,0.84733,0.57102,1.16634,0.64381,0.00834,0.0076636,0.0076636,0.0076636
120,4081.56,1.11263,0.58827,0.00544,0.84819,0.78262,0.84492,0.56868,1.17251,0.6499,0.00811,0.0076438,0.0076438,0.0076438
121,4117.12,1.10422,0.58459,0.0053,0.86927,0.78789,0.84868,0.5747,1.17091,0.63868,0.00834,0.007624,0.007624,0.007624
122,4153.48,1.11727,0.58162,0.00531,0.87519,0.78168,0.84647,0.57714,1.14298,0.6726,0.00803,0.0076042,0.0076042,0.0076042
123,4190.01,1.12009,0.60419,0.00544,0.86362,0.7565,0.83156,0.57087,1.15236,0.69222,0.00804,0.0075844,0.0075844,0.0075844
124,4225.99,1.12294,0.58272,0.00537,0.87985,0.79046,0.85518,0.58299,1.14271,0.62796,0.00814,0.0075646,0.0075646,0.0075646
125,4262.21,1.11538,0.60415,0.00545,0.88401,0.77721,0.85161,0.57982,1.13902,0.61386,0.00806,0.0075448,0.0075448,0.0075448
126,4298.27,1.10385,0.58955,0.00559,0.87489,0.76979,0.84735,0.57283,1.15049,0.65617,0.00814,0.007525,0.007525,0.007525
127,4334.76,1.13182,0.58376,0.00551,0.87205,0.7776,0.84911,0.5713,1.15888,0.64287,0.0082,0.0075052,0.0075052,0.0075052
128,4370.89,1.06335,0.56318,0.00551,0.88814,0.78039,0.85114,0.5776,1.14945,0.63936,0.00801,0.0074854,0.0074854,0.0074854
129,4406.98,1.13358,0.60906,0.00537,0.86606,0.77794,0.84978,0.57686,1.1524,0.62462,0.00825,0.0074656,0.0074656,0.0074656
130,4443.18,1.10119,0.58239,0.00549,0.88691,0.78796,0.85187,0.57939,1.15192,0.62801,0.00836,0.0074458,0.0074458,0.0074458
131,4478.8,1.11736,0.59635,0.00546,0.8571,0.79233,0.84491,0.57774,1.14499,0.66515,0.00817,0.007426,0.007426,0.007426
132,4515.31,1.10156,0.58536,0.00527,0.88006,0.77374,0.8526,0.57964,1.12995,0.63214,0.00799,0.0074062,0.0074062,0.0074062
133,4553.77,1.1418,0.59568,0.00551,0.87424,0.76912,0.84861,0.57905,1.1505,0.64718,0.00811,0.0073864,0.0073864,0.0073864
134,4589.85,1.10043,0.57231,0.0053,0.86875,0.78507,0.85154,0.5857,1.13736,0.63543,0.00819,0.0073666,0.0073666,0.0073666
135,4625.83,1.09126,0.58598,0.00548,0.86507,0.79215,0.8498,0.58086,1.13187,0.64537,0.00782,0.0073468,0.0073468,0.0073468
136,4662.07,1.08896,0.57438,0.00525,0.84462,0.81003,0.85136,0.58153,1.13374,0.65478,0.0078,0.007327,0.007327,0.007327
137,4698.54,1.09015,0.58243,0.00531,0.86448,0.79596,0.85493,0.58769,1.12011,0.63365,0.00779,0.0073072,0.0073072,0.0073072
138,4734.74,1.07589,0.55878,0.00532,0.85409,0.79497,0.85515,0.58784,1.12953,0.62393,0.00786,0.0072874,0.0072874,0.0072874
139,4770.55,1.08657,0.56899,0.0053,0.8809,0.78362,0.85168,0.5823,1.14055,0.63235,0.00798,0.0072676,0.0072676,0.0072676
140,4806.7,1.08189,0.58222,0.00544,0.89049,0.79881,0.8597,0.59228,1.12508,0.59206,0.00775,0.0072478,0.0072478,0.0072478
141,4842.31,1.08482,0.56822,0.00531,0.88052,0.78676,0.85472,0.58711,1.12917,0.60211,0.00796,0.007228,0.007228,0.007228
142,4878.55,1.09407,0.58336,0.00524,0.87034,0.80118,0.85996,0.58731,1.12445,0.62354,0.00781,0.0072082,0.0072082,0.0072082
143,4914.92,1.09432,0.58496,0.00513,0.87528,0.80345,0.86168,0.58827,1.13321,0.62119,0.00789,0.0071884,0.0071884,0.0071884
144,4950.62,1.10615,0.57314,0.00527,0.86678,0.80594,0.85599,0.58793,1.12453,0.62931,0.0079,0.0071686,0.0071686,0.0071686
145,4986.79,1.08135,0.56742,0.00535,0.86764,0.78686,0.85338,0.58406,1.13216,0.61267,0.00791,0.0071488,0.0071488,0.0071488
146,5022.94,1.10614,0.57349,0.00532,0.87463,0.79267,0.85521,0.58806,1.12798,0.62392,0.00771,0.007129,0.007129,0.007129
147,5059.73,1.06695,0.56775,0.00537,0.88326,0.79414,0.85764,0.58815,1.12878,0.61985,0.00785,0.0071092,0.0071092,0.0071092
148,5095.86,1.08766,0.56976,0.00544,0.88173,0.78036,0.85116,0.58608,1.12639,0.62977,0.00782,0.0070894,0.0070894,0.0070894
149,5132.22,1.09458,0.57529,0.00518,0.89402,0.77364,0.85025,0.59181,1.11386,0.62713,0.00776,0.0070696,0.0070696,0.0070696
150,5167.86,1.08353,0.55343,0.00517,0.89052,0.79156,0.85739,0.59605,1.10992,0.6152,0.00767,0.0070498,0.0070498,0.0070498
151,5203.65,1.07213,0.56797,0.00517,0.87397,0.78483,0.85098,0.5878,1.11756,0.62972,0.00774,0.00703,0.00703,0.00703
152,5240.6,1.08742,0.58174,0.00529,0.86437,0.78144,0.85194,0.59138,1.10463,0.62517,0.0076,0.0070102,0.0070102,0.0070102
153,5276.79,1.08235,0.55647,0.00521,0.88214,0.7854,0.85403,0.59451,1.10009,0.61738,0.00763,0.0069904,0.0069904,0.0069904
154,5312.56,1.08806,0.57037,0.00522,0.87939,0.79624,0.86024,0.59664,1.10865,0.61163,0.0077,0.0069706,0.0069706,0.0069706
155,5348.84,1.09514,0.56796,0.00534,0.86034,0.79691,0.8556,0.59467,1.10682,0.59907,0.00782,0.0069508,0.0069508,0.0069508
156,5385.12,1.0819,0.56391,0.0053,0.8941,0.79013,0.8615,0.59599,1.10766,0.61075,0.00785,0.006931,0.006931,0.006931
157,5421.65,1.10275,0.57408,0.00544,0.89725,0.79556,0.86187,0.59638,1.11801,0.59391,0.00798,0.0069112,0.0069112,0.0069112
158,5455.33,1.0526,0.54878,0.00525,0.89337,0.79162,0.8614,0.5971,1.10366,0.60008,0.00787,0.0068914,0.0068914,0.0068914
159,5486.16,1.07602,0.55748,0.00517,0.89714,0.79042,0.8647,0.59979,1.1008,0.59282,0.0077,0.0068716,0.0068716,0.0068716
160,5516.77,1.06581,0.54733,0.00522,0.89077,0.79379,0.86458,0.5964,1.10086,0.606,0.00765,0.0068518,0.0068518,0.0068518
161,5547.38,1.08956,0.56117,0.00525,0.88346,0.79818,0.86248,0.59957,1.09849,0.58667,0.00763,0.006832,0.006832,0.006832
162,5578,1.07984,0.55423,0.00512,0.88215,0.80382,0.86515,0.5965,1.10642,0.60517,0.00765,0.0068122,0.0068122,0.0068122
163,5608.6,1.07706,0.55161,0.0053,0.88827,0.7935,0.86314,0.5968,1.10891,0.59633,0.00768,0.0067924,0.0067924,0.0067924
164,5639.24,1.09768,0.56021,0.00528,0.89248,0.80121,0.86584,0.59986,1.10033,0.58505,0.00764,0.0067726,0.0067726,0.0067726
165,5669.93,1.09101,0.56857,0.00507,0.91288,0.78912,0.8678,0.60012,1.1004,0.58214,0.00762,0.0067528,0.0067528,0.0067528
166,5700.92,1.06231,0.53318,0.00507,0.90455,0.79333,0.86763,0.59588,1.10984,0.59181,0.00766,0.006733,0.006733,0.006733
167,5732.16,1.07203,0.56348,0.00517,0.88681,0.79606,0.86556,0.59488,1.10799,0.59842,0.00775,0.0067132,0.0067132,0.0067132
168,5763.08,1.0752,0.56432,0.00531,0.88736,0.79576,0.86507,0.59584,1.10888,0.60331,0.00769,0.0066934,0.0066934,0.0066934
169,5793.94,1.05962,0.55369,0.0052,0.87522,0.79683,0.86186,0.59409,1.10585,0.61805,0.00762,0.0066736,0.0066736,0.0066736
170,5824.79,1.09118,0.5496,0.00515,0.88795,0.79519,0.86242,0.59547,1.11259,0.59196,0.00766,0.0066538,0.0066538,0.0066538
171,5855.38,1.07717,0.55846,0.00519,0.88955,0.79874,0.86183,0.59721,1.09283,0.60608,0.00743,0.006634,0.006634,0.006634
172,5885.96,1.07935,0.54716,0.00499,0.87828,0.79931,0.8566,0.59594,1.10234,0.61339,0.00756,0.0066142,0.0066142,0.0066142
173,5916.64,1.08241,0.56049,0.00501,0.88375,0.79434,0.86414,0.5978,1.09557,0.59688,0.00745,0.0065944,0.0065944,0.0065944
174,5947.24,1.08779,0.55692,0.00516,0.88764,0.79485,0.86534,0.59933,1.09723,0.60979,0.00749,0.0065746,0.0065746,0.0065746
175,5977.88,1.06926,0.54417,0.00494,0.90018,0.79218,0.8641,0.59982,1.10215,0.59619,0.00767,0.0065548,0.0065548,0.0065548
176,6008.5,1.07083,0.5398,0.00507,0.88256,0.80719,0.86614,0.59969,1.10025,0.58873,0.00764,0.006535,0.006535,0.006535
177,6039.1,1.07861,0.55029,0.00504,0.87893,0.79958,0.85891,0.6005,1.08986,0.60767,0.00766,0.0065152,0.0065152,0.0065152
178,6069.85,1.06755,0.56405,0.00523,0.89998,0.78742,0.86124,0.59761,1.09453,0.6036,0.00768,0.0064954,0.0064954,0.0064954
179,6100.75,1.08215,0.5537,0.00509,0.88038,0.80411,0.8655,0.60063,1.09339,0.59123,0.00761,0.0064756,0.0064756,0.0064756
180,6132.01,1.06937,0.55427,0.00517,0.89584,0.79197,0.86484,0.60072,1.09289,0.59653,0.00757,0.0064558,0.0064558,0.0064558
181,6162.72,1.07546,0.55451,0.00499,0.8837,0.80351,0.86369,0.60078,1.09579,0.60569,0.00752,0.006436,0.006436,0.006436
182,6193.59,1.09242,0.56711,0.00497,0.88907,0.80689,0.86439,0.59987,1.08902,0.60824,0.00748,0.0064162,0.0064162,0.0064162
183,6224.4,1.0736,0.55959,0.00501,0.88891,0.80097,0.8676,0.6006,1.08906,0.60341,0.00761,0.0063964,0.0063964,0.0063964
184,6255,1.0566,0.54019,0.00507,0.89475,0.80156,0.86719,0.60344,1.08745,0.58655,0.00755,0.0063766,0.0063766,0.0063766
185,6285.62,1.07133,0.5392,0.00511,0.88867,0.80297,0.86554,0.60321,1.08968,0.58231,0.00756,0.0063568,0.0063568,0.0063568
186,6316.27,1.0734,0.55222,0.00502,0.8846,0.80995,0.8694,0.60299,1.08772,0.57568,0.0077,0.006337,0.006337,0.006337
187,6347.04,1.05737,0.53607,0.00499,0.88716,0.80089,0.86501,0.59968,1.09543,0.5916,0.00762,0.0063172,0.0063172,0.0063172
188,6377.6,1.08339,0.55655,0.00513,0.88962,0.78774,0.86065,0.60094,1.0952,0.59262,0.00768,0.0062974,0.0062974,0.0062974
189,6408.25,1.05598,0.54315,0.0051,0.88855,0.78574,0.862,0.60145,1.08454,0.58235,0.00752,0.0062776,0.0062776,0.0062776
190,6438.94,1.05606,0.53191,0.00502,0.89174,0.79423,0.8639,0.60309,1.0826,0.57953,0.00755,0.0062578,0.0062578,0.0062578
191,6470.28,1.06977,0.54242,0.00497,0.89823,0.78471,0.86051,0.60153,1.08536,0.59499,0.00759,0.006238,0.006238,0.006238
192,6501.35,1.06704,0.538,0.00492,0.88511,0.79668,0.86035,0.59913,1.08283,0.6009,0.00755,0.0062182,0.0062182,0.0062182
193,6532.08,1.05244,0.52257,0.00495,0.89313,0.79784,0.85993,0.60094,1.08101,0.60162,0.0075,0.0061984,0.0061984,0.0061984
194,6562.81,1.05513,0.5437,0.00498,0.89298,0.79608,0.86039,0.59969,1.0795,0.60062,0.00744,0.0061786,0.0061786,0.0061786
195,6593.4,1.02155,0.5174,0.005,0.88856,0.80136,0.85938,0.59503,1.09056,0.6117,0.00751,0.0061588,0.0061588,0.0061588
196,6624.51,1.03683,0.53692,0.00501,0.89082,0.79279,0.85817,0.59822,1.07928,0.60838,0.00735,0.006139,0.006139,0.006139
197,6655.22,1.04611,0.53816,0.00501,0.88337,0.79823,0.85875,0.59862,1.0892,0.59745,0.00742,0.0061192,0.0061192,0.0061192
198,6685.86,1.04283,0.52256,0.00486,0.87715,0.79245,0.85448,0.59652,1.0868,0.59488,0.0073,0.0060994,0.0060994,0.0060994
199,6716.5,1.07583,0.53718,0.00495,0.87707,0.79669,0.86286,0.5996,1.08608,0.5844,0.00742,0.0060796,0.0060796,0.0060796
200,6747.05,1.05867,0.54179,0.00494,0.88562,0.79763,0.86374,0.60301,1.08551,0.58643,0.00743,0.0060598,0.0060598,0.0060598
201,6777.7,1.04957,0.53123,0.00481,0.88895,0.80042,0.86463,0.60485,1.07928,0.58189,0.00742,0.00604,0.00604,0.00604
202,6808.43,1.02918,0.5334,0.00498,0.86836,0.81073,0.86395,0.60363,1.07905,0.59533,0.00743,0.0060202,0.0060202,0.0060202
203,6839.63,1.05158,0.53352,0.00504,0.88231,0.80026,0.86305,0.60509,1.07279,0.59806,0.00727,0.0060004,0.0060004,0.0060004
204,6870.35,1.03043,0.53031,0.00508,0.88841,0.80751,0.86949,0.60486,1.07112,0.59455,0.0074,0.0059806,0.0059806,0.0059806
205,6901.19,1.0643,0.53117,0.0049,0.88063,0.8017,0.86943,0.60609,1.07209,0.58997,0.00739,0.0059608,0.0059608,0.0059608
206,6931.89,1.0471,0.53866,0.00492,0.90032,0.78989,0.86876,0.60634,1.06952,0.58733,0.00734,0.005941,0.005941,0.005941
207,6962.57,1.02826,0.51983,0.0049,0.89577,0.78929,0.86924,0.60628,1.07519,0.59497,0.00727,0.0059212,0.0059212,0.0059212
208,6993.2,1.06589,0.53411,0.00491,0.89709,0.78743,0.8684,0.60255,1.07658,0.61175,0.00727,0.0059014,0.0059014,0.0059014
209,7023.81,1.04516,0.53254,0.00494,0.89704,0.78676,0.86973,0.60218,1.07856,0.60338,0.00742,0.0058816,0.0058816,0.0058816
210,7054.48,1.03511,0.53092,0.00489,0.90426,0.79255,0.87361,0.60574,1.07988,0.58592,0.00746,0.0058618,0.0058618,0.0058618
211,7085.28,1.04903,0.5194,0.00473,0.90082,0.79982,0.87083,0.60371,1.07765,0.59273,0.00748,0.005842,0.005842,0.005842
212,7115.82,1.03013,0.53392,0.00499,0.88887,0.80651,0.87122,0.60562,1.07506,0.58418,0.00755,0.0058222,0.0058222,0.0058222
213,7146.43,1.03135,0.53359,0.00508,0.8831,0.80837,0.86787,0.60395,1.07906,0.58535,0.00746,0.0058024,0.0058024,0.0058024
214,7177.34,1.0277,0.51591,0.00478,0.90639,0.78064,0.86661,0.60459,1.07654,0.5894,0.00731,0.0057826,0.0057826,0.0057826
215,7208.78,1.02077,0.52342,0.00491,0.89683,0.80133,0.86584,0.60118,1.07769,0.5874,0.00734,0.0057628,0.0057628,0.0057628
216,7239.42,1.01643,0.51943,0.00482,0.9004,0.79773,0.86571,0.60503,1.07182,0.58249,0.00724,0.005743,0.005743,0.005743
217,7270.26,1.00847,0.51596,0.00499,0.89924,0.79368,0.86603,0.60602,1.07078,0.5796,0.00714,0.0057232,0.0057232,0.0057232
218,7301.2,1.0178,0.50661,0.00479,0.89469,0.80164,0.86906,0.60467,1.07374,0.58356,0.00719,0.0057034,0.0057034,0.0057034
219,7332.23,1.01759,0.50266,0.00483,0.89268,0.80241,0.86912,0.60388,1.07352,0.58374,0.00726,0.0056836,0.0056836,0.0056836
220,7362.93,1.05113,0.5229,0.0048,0.88857,0.81065,0.86875,0.60671,1.07751,0.59323,0.00734,0.0056638,0.0056638,0.0056638
221,7393.53,1.02829,0.51391,0.00472,0.88248,0.81076,0.8679,0.6047,1.07501,0.58572,0.00736,0.005644,0.005644,0.005644
222,7424.24,1.01771,0.52815,0.00486,0.89732,0.7976,0.8694,0.60678,1.07296,0.57704,0.00739,0.0056242,0.0056242,0.0056242
223,7454.9,1.03286,0.53392,0.00496,0.88648,0.80771,0.8684,0.60672,1.06444,0.5877,0.00727,0.0056044,0.0056044,0.0056044
224,7485.41,1.04069,0.51649,0.00476,0.89945,0.79813,0.86893,0.60964,1.06551,0.58765,0.00729,0.0055846,0.0055846,0.0055846
225,7516.06,1.00976,0.50875,0.00486,0.8944,0.81262,0.87292,0.60984,1.06857,0.58452,0.00738,0.0055648,0.0055648,0.0055648
226,7547.02,1.01554,0.52291,0.00495,0.89827,0.80273,0.87119,0.61125,1.07353,0.58386,0.00745,0.005545,0.005545,0.005545
227,7577.97,1.02686,0.50801,0.00475,0.89828,0.80403,0.87009,0.60952,1.07466,0.57785,0.00752,0.0055252,0.0055252,0.0055252
228,7608.59,1.01786,0.50596,0.00486,0.90054,0.80674,0.87105,0.61083,1.07256,0.57513,0.00748,0.0055054,0.0055054,0.0055054
229,7639.18,1.01021,0.52229,0.00475,0.9069,0.80481,0.87219,0.61176,1.07104,0.57808,0.00749,0.0054856,0.0054856,0.0054856
230,7669.68,1.01153,0.51076,0.0048,0.8991,0.80362,0.87015,0.61082,1.06391,0.58117,0.00737,0.0054658,0.0054658,0.0054658
231,7700.32,1.0206,0.51226,0.00459,0.89871,0.80551,0.87033,0.60996,1.0641,0.58347,0.0073,0.005446,0.005446,0.005446
232,7730.9,1.02673,0.51143,0.00466,0.90455,0.79281,0.86851,0.61041,1.06317,0.58549,0.00717,0.0054262,0.0054262,0.0054262
233,7761.5,1.01518,0.50899,0.00466,0.90117,0.80129,0.86855,0.61259,1.06318,0.5752,0.00721,0.0054064,0.0054064,0.0054064
234,7792.04,1.01586,0.5068,0.00479,0.90447,0.8043,0.87002,0.61206,1.0622,0.58405,0.00712,0.0053866,0.0053866,0.0053866
235,7822.69,0.99923,0.50074,0.00472,0.91375,0.79806,0.87277,0.61354,1.06668,0.57702,0.0072,0.0053668,0.0053668,0.0053668
236,7853.15,0.9767,0.4851,0.00473,0.9174,0.7949,0.87222,0.61359,1.0613,0.58786,0.00716,0.005347,0.005347,0.005347
237,7883.79,1.01347,0.5089,0.00479,0.91116,0.80006,0.8708,0.61417,1.06659,0.57112,0.00722,0.0053272,0.0053272,0.0053272
238,7914.62,1.00648,0.50803,0.00487,0.9104,0.80088,0.86972,0.61278,1.06545,0.57677,0.00714,0.0053074,0.0053074,0.0053074
239,7945.66,0.99411,0.49648,0.00467,0.89993,0.80686,0.86909,0.61234,1.06279,0.57471,0.00722,0.0052876,0.0052876,0.0052876
240,7976.28,1.00849,0.50318,0.00465,0.89688,0.80599,0.86687,0.61094,1.065,0.57238,0.00723,0.0052678,0.0052678,0.0052678
241,8006.8,1.02746,0.5112,0.00466,0.8973,0.81026,0.87122,0.61291,1.06,0.57117,0.00712,0.005248,0.005248,0.005248
242,8037.34,0.99664,0.4957,0.00474,0.87504,0.82446,0.87045,0.61179,1.05902,0.57471,0.00713,0.0052282,0.0052282,0.0052282
243,8067.85,0.99545,0.50591,0.00471,0.90042,0.80474,0.87102,0.61237,1.05952,0.57466,0.00712,0.0052084,0.0052084,0.0052084
244,8098.49,1.00731,0.50868,0.00477,0.90269,0.80584,0.87041,0.61099,1.06068,0.57643,0.00722,0.0051886,0.0051886,0.0051886
245,8129.09,1.01934,0.50557,0.00474,0.90537,0.79955,0.87057,0.61339,1.05573,0.5786,0.00712,0.0051688,0.0051688,0.0051688
246,8159.74,1.00396,0.49558,0.00464,0.90625,0.79278,0.87118,0.61445,1.05229,0.58022,0.007,0.005149,0.005149,0.005149
247,8190.34,0.9785,0.49042,0.00461,0.89679,0.79948,0.86843,0.61223,1.05403,0.57962,0.00703,0.0051292,0.0051292,0.0051292
248,8220.85,0.97066,0.48552,0.00476,0.89742,0.80501,0.87064,0.6147,1.05361,0.5697,0.0071,0.0051094,0.0051094,0.0051094
249,8251.6,0.99734,0.5017,0.00462,0.89311,0.80975,0.8715,0.61711,1.0526,0.56654,0.00711,0.0050896,0.0050896,0.0050896
250,8282.57,0.98047,0.49768,0.00472,0.89355,0.80673,0.86723,0.61508,1.05223,0.56497,0.00711,0.0050698,0.0050698,0.0050698
251,8313.07,1.0033,0.51136,0.00464,0.89459,0.80503,0.86657,0.61353,1.04662,0.57382,0.00698,0.00505,0.00505,0.00505
252,8343.81,1.00764,0.5014,0.00459,0.90333,0.80433,0.87015,0.61495,1.0492,0.55999,0.00699,0.0050302,0.0050302,0.0050302
253,8374.41,0.98347,0.48504,0.0047,0.90257,0.79961,0.87057,0.61428,1.04988,0.56217,0.00704,0.0050104,0.0050104,0.0050104
254,8404.93,1.00869,0.48302,0.0047,0.9036,0.80482,0.87109,0.61288,1.05226,0.55877,0.00713,0.0049906,0.0049906,0.0049906
255,8435.47,1.00088,0.49742,0.00469,0.89273,0.80801,0.87135,0.61555,1.05023,0.5624,0.00708,0.0049708,0.0049708,0.0049708
256,8466.13,0.9876,0.48565,0.00447,0.8968,0.80785,0.87153,0.61478,1.04787,0.56081,0.00709,0.004951,0.004951,0.004951
257,8496.75,0.99242,0.49104,0.00456,0.89441,0.80919,0.87346,0.61455,1.04749,0.56086,0.00704,0.0049312,0.0049312,0.0049312
258,8527.32,1.00282,0.48879,0.00458,0.89634,0.80655,0.87425,0.61465,1.04583,0.56472,0.00703,0.0049114,0.0049114,0.0049114
259,8558.36,0.987,0.48515,0.00461,0.9025,0.80763,0.87461,0.61522,1.04532,0.56547,0.00705,0.0048916,0.0048916,0.0048916
260,8589.18,0.98922,0.49616,0.00442,0.91009,0.80544,0.87624,0.61712,1.04457,0.55599,0.00711,0.0048718,0.0048718,0.0048718
261,8620,0.99038,0.47995,0.00453,0.90254,0.80927,0.87515,0.61736,1.04406,0.55471,0.00706,0.004852,0.004852,0.004852
262,8650.91,0.98858,0.48927,0.00442,0.89029,0.81785,0.87244,0.61676,1.0411,0.55658,0.00703,0.0048322,0.0048322,0.0048322
263,8681.45,1.01189,0.49841,0.00451,0.89531,0.81269,0.87216,0.6167,1.0412,0.55825,0.00705,0.0048124,0.0048124,0.0048124
264,8711.99,0.98128,0.48321,0.00456,0.89565,0.8086,0.87085,0.61736,1.04188,0.56226,0.00707,0.0047926,0.0047926,0.0047926
265,8742.64,0.97576,0.46716,0.00455,0.90462,0.80559,0.8715,0.61619,1.04284,0.55629,0.00707,0.0047728,0.0047728,0.0047728
266,8773.17,0.95769,0.48576,0.00472,0.90675,0.80618,0.87206,0.6166,1.04129,0.55911,0.00709,0.004753,0.004753,0.004753
267,8803.71,0.97345,0.48185,0.00463,0.90844,0.8126,0.87306,0.61831,1.04221,0.55382,0.0071,0.0047332,0.0047332,0.0047332
268,8834.2,0.98143,0.49466,0.00453,0.91286,0.80964,0.87231,0.61832,1.04264,0.55244,0.00706,0.0047134,0.0047134,0.0047134
269,8864.82,0.97079,0.46945,0.00436,0.90187,0.81322,0.87256,0.61789,1.03984,0.56481,0.00702,0.0046936,0.0046936,0.0046936
270,8895.5,1.00956,0.49196,0.00459,0.90324,0.81197,0.87201,0.61827,1.03826,0.56381,0.00696,0.0046738,0.0046738,0.0046738
271,8926.09,0.98862,0.48993,0.00441,0.90816,0.80806,0.87203,0.61821,1.03726,0.56726,0.00694,0.004654,0.004654,0.004654
272,8956.68,0.98671,0.47867,0.00449,0.90672,0.80957,0.87392,0.61793,1.03551,0.56467,0.00689,0.0046342,0.0046342,0.0046342
273,8987.48,1.01596,0.48681,0.00427,0.90879,0.8101,0.87396,0.61821,1.0357,0.56787,0.00682,0.0046144,0.0046144,0.0046144
274,9018.42,0.97057,0.47915,0.0045,0.91423,0.80627,0.87459,0.61857,1.0347,0.57263,0.00679,0.0045946,0.0045946,0.0045946
275,9049.2,0.96143,0.46621,0.00432,0.91614,0.80521,0.87374,0.61771,1.03797,0.56846,0.00675,0.0045748,0.0045748,0.0045748
276,9079.86,0.99682,0.48705,0.00447,0.90854,0.80699,0.87218,0.61781,1.03574,0.57514,0.00672,0.004555,0.004555,0.004555
277,9110.89,0.96589,0.47107,0.00441,0.91668,0.79929,0.87071,0.61694,1.03937,0.57645,0.00678,0.0045352,0.0045352,0.0045352
278,9141.52,0.96517,0.47751,0.00454,0.91607,0.80538,0.87171,0.61664,1.04131,0.57448,0.00684,0.0045154,0.0045154,0.0045154
279,9172.14,0.97059,0.47645,0.00427,0.91414,0.80775,0.87369,0.61675,1.04006,0.57861,0.00681,0.0044956,0.0044956,0.0044956
280,9202.82,0.98288,0.48291,0.00432,0.90788,0.80556,0.87343,0.617,1.04092,0.58092,0.00686,0.0044758,0.0044758,0.0044758
281,9233.45,0.95766,0.48592,0.00449,0.91844,0.80324,0.87392,0.61802,1.04068,0.57759,0.00688,0.004456,0.004456,0.004456
282,9264,0.97873,0.47527,0.00442,0.9168,0.80604,0.87359,0.6171,1.0408,0.57756,0.00691,0.0044362,0.0044362,0.0044362
283,9294.63,0.95623,0.47291,0.00452,0.91928,0.80792,0.87431,0.6183,1.04308,0.57572,0.00686,0.0044164,0.0044164,0.0044164
284,9325.25,0.97015,0.48039,0.00436,0.92076,0.80747,0.87559,0.61847,1.04132,0.57936,0.00682,0.0043966,0.0043966,0.0043966
285,9356.37,0.95687,0.47109,0.00442,0.91355,0.80978,0.87539,0.61764,1.04167,0.5803,0.00678,0.0043768,0.0043768,0.0043768
286,9386.89,0.95731,0.46031,0.00437,0.90931,0.81187,0.87408,0.61735,1.03788,0.58899,0.00673,0.004357,0.004357,0.004357
287,9417.54,0.96636,0.4726,0.00432,0.90563,0.81438,0.87345,0.61775,1.03761,0.586,0.00671,0.0043372,0.0043372,0.0043372
288,9448.08,0.94044,0.46489,0.00446,0.90256,0.80917,0.87221,0.61576,1.03861,0.58748,0.00672,0.0043174,0.0043174,0.0043174
289,9478.6,0.94529,0.44996,0.0043,0.90794,0.80828,0.87334,0.61539,1.04095,0.58395,0.00678,0.0042976,0.0042976,0.0042976
290,9509.15,0.96643,0.48763,0.00436,0.90913,0.81054,0.87428,0.61552,1.04075,0.57774,0.00674,0.0042778,0.0042778,0.0042778
291,9540.27,0.94562,0.45566,0.00426,0.90847,0.80847,0.87391,0.61535,1.04084,0.58697,0.00674,0.004258,0.004258,0.004258
292,9570.99,0.97205,0.4659,0.0043,0.91001,0.80803,0.87388,0.61516,1.04096,0.58446,0.00674,0.0042382,0.0042382,0.0042382
293,9601.56,0.94594,0.46055,0.00417,0.91009,0.81076,0.87383,0.61552,1.04094,0.59148,0.00677,0.0042184,0.0042184,0.0042184
294,9632.16,0.95416,0.46309,0.00436,0.91118,0.80767,0.87317,0.61549,1.04019,0.59488,0.0068,0.0041986,0.0041986,0.0041986
295,9662.77,0.9385,0.45423,0.0043,0.90988,0.80522,0.87287,0.61488,1.04137,0.59477,0.0068,0.0041788,0.0041788,0.0041788
296,9693.43,0.94232,0.45301,0.00423,0.90933,0.8075,0.87302,0.61411,1.0401,0.59728,0.00679,0.004159,0.004159,0.004159
297,9724.58,0.95205,0.47177,0.00434,0.90425,0.81177,0.8727,0.61477,1.03888,0.60009,0.00675,0.0041392,0.0041392,0.0041392
298,9755.11,0.96762,0.46961,0.00434,0.91294,0.80461,0.87286,0.61525,1.03919,0.59808,0.00672,0.0041194,0.0041194,0.0041194
299,9785.64,0.9434,0.46909,0.00419,0.91775,0.80409,0.87252,0.61589,1.03809,0.59658,0.00672,0.0040996,0.0040996,0.0040996
300,9816.18,0.9554,0.45667,0.00429,0.91384,0.8038,0.87182,0.61563,1.0363,0.60031,0.0067,0.0040798,0.0040798,0.0040798
301,9846.83,0.94549,0.44896,0.0043,0.90839,0.81105,0.87177,0.61582,1.03603,0.59773,0.00669,0.00406,0.00406,0.00406
302,9877.48,0.95488,0.46143,0.00431,0.91355,0.80763,0.87171,0.61687,1.0362,0.59541,0.00666,0.0040402,0.0040402,0.0040402
303,9908.01,0.93281,0.46078,0.00428,0.91282,0.80331,0.87115,0.61695,1.03616,0.59583,0.00669,0.0040204,0.0040204,0.0040204
304,9938.64,0.92952,0.45296,0.00433,0.91552,0.80006,0.87132,0.61731,1.03608,0.59495,0.00667,0.0040006,0.0040006,0.0040006
305,9969.73,0.95517,0.45294,0.00415,0.91817,0.79946,0.87053,0.61721,1.0376,0.59455,0.00673,0.0039808,0.0039808,0.0039808
306,10000.4,0.96119,0.45458,0.00427,0.91671,0.80084,0.87108,0.61688,1.03757,0.59525,0.00674,0.003961,0.003961,0.003961
307,10031,0.93672,0.4536,0.00406,0.91502,0.80209,0.87165,0.6178,1.03644,0.59534,0.00672,0.0039412,0.0039412,0.0039412
308,10061.8,0.95356,0.45887,0.00431,0.9132,0.80406,0.87216,0.61758,1.03547,0.5965,0.00674,0.0039214,0.0039214,0.0039214
309,10092.8,0.94493,0.45312,0.00424,0.91489,0.80349,0.87257,0.61778,1.03622,0.59496,0.00676,0.0039016,0.0039016,0.0039016
310,10123.5,0.97457,0.46358,0.00412,0.91314,0.79645,0.87283,0.61863,1.03453,0.59815,0.00675,0.0038818,0.0038818,0.0038818
311,10154.1,0.93664,0.47194,0.00425,0.91018,0.80589,0.87335,0.61912,1.03412,0.59663,0.00677,0.003862,0.003862,0.003862
312,10185.7,0.95388,0.46353,0.00415,0.91241,0.7987,0.8733,0.61787,1.03504,0.59757,0.00676,0.0038422,0.0038422,0.0038422
313,10217.2,0.94287,0.45514,0.00414,0.90875,0.80207,0.87228,0.61736,1.0338,0.60006,0.00674,0.0038224,0.0038224,0.0038224
314,10247.9,0.90183,0.43395,0.00418,0.90916,0.79888,0.87293,0.61655,1.03578,0.59605,0.00677,0.0038026,0.0038026,0.0038026
315,10278.5,0.91716,0.44537,0.00414,0.91486,0.80051,0.87336,0.6172,1.03568,0.59247,0.00686,0.0037828,0.0037828,0.0037828
316,10309.1,0.9095,0.43909,0.00397,0.9126,0.80284,0.87304,0.61714,1.0343,0.59388,0.00687,0.003763,0.003763,0.003763
317,10339.6,0.93501,0.44329,0.00406,0.91724,0.80127,0.87456,0.61824,1.03586,0.58757,0.00686,0.0037432,0.0037432,0.0037432
318,10370.2,0.91985,0.43602,0.00407,0.91793,0.80494,0.87412,0.6194,1.03423,0.58737,0.00688,0.0037234,0.0037234,0.0037234
319,10401.2,0.9427,0.45771,0.00422,0.91587,0.8038,0.87422,0.61905,1.03414,0.58678,0.00684,0.0037036,0.0037036,0.0037036
320,10432.2,0.93207,0.44728,0.00405,0.90641,0.81206,0.87367,0.61851,1.03412,0.58571,0.00687,0.0036838,0.0036838,0.0036838
321,10463,0.9179,0.42962,0.00406,0.90279,0.81,0.87458,0.61901,1.03375,0.58549,0.00683,0.003664,0.003664,0.003664
322,10493.7,0.92803,0.45466,0.00413,0.91584,0.80289,0.87741,0.61953,1.03214,0.5835,0.00676,0.0036442,0.0036442,0.0036442
323,10524.4,0.91306,0.44013,0.00407,0.9193,0.80494,0.87704,0.61954,1.0324,0.58254,0.00673,0.0036244,0.0036244,0.0036244
324,10554.9,0.91703,0.45347,0.00418,0.91758,0.80205,0.87644,0.61881,1.03388,0.57904,0.00674,0.0036046,0.0036046,0.0036046
325,10585.5,0.92026,0.45015,0.00411,0.91575,0.8053,0.87787,0.61896,1.03443,0.57835,0.00682,0.0035848,0.0035848,0.0035848
326,10616,0.89564,0.42888,0.00417,0.91399,0.80487,0.87776,0.61935,1.03253,0.58614,0.00677,0.003565,0.003565,0.003565
327,10646.6,0.91541,0.44412,0.00408,0.91331,0.80802,0.87621,0.61924,1.03341,0.58815,0.00676,0.0035452,0.0035452,0.0035452
328,10677.2,0.91853,0.43848,0.00402,0.92155,0.80065,0.87641,0.61916,1.03359,0.587,0.00679,0.0035254,0.0035254,0.0035254
329,10707.7,0.92005,0.43716,0.00403,0.91448,0.80946,0.87568,0.61892,1.03323,0.58802,0.00678,0.0035056,0.0035056,0.0035056
330,10738.2,0.91365,0.44406,0.00411,0.91221,0.81187,0.87507,0.61827,1.03406,0.58993,0.00677,0.0034858,0.0034858,0.0034858
331,10768.9,0.90639,0.4376,0.00403,0.91641,0.80721,0.87562,0.61971,1.03257,0.59055,0.00677,0.003466,0.003466,0.003466
332,10800,0.88965,0.42317,0.00397,0.90773,0.81386,0.87661,0.62101,1.03185,0.59051,0.00677,0.0034462,0.0034462,0.0034462
333,10831,0.91938,0.45078,0.00414,0.91434,0.80516,0.87664,0.62141,1.03202,0.58919,0.0068,0.0034264,0.0034264,0.0034264
334,10861.7,0.91506,0.44253,0.00425,0.91597,0.80024,0.87466,0.62026,1.03268,0.58749,0.00679,0.0034066,0.0034066,0.0034066
335,10892.3,0.89387,0.42712,0.00394,0.9159,0.79963,0.87611,0.62078,1.03142,0.58803,0.00677,0.0033868,0.0033868,0.0033868
336,10922.7,0.9173,0.42841,0.00401,0.92463,0.79828,0.87692,0.62192,1.03095,0.58773,0.00677,0.003367,0.003367,0.003367
337,10953.2,0.90798,0.44744,0.00409,0.92161,0.79816,0.87662,0.62229,1.02981,0.59156,0.00674,0.0033472,0.0033472,0.0033472
338,10983.8,0.90342,0.42459,0.00413,0.92223,0.80093,0.87493,0.62185,1.02889,0.59252,0.00671,0.0033274,0.0033274,0.0033274
339,11014.4,0.90028,0.42802,0.0039,0.91935,0.80319,0.87518,0.62233,1.02759,0.59414,0.00668,0.0033076,0.0033076,0.0033076
340,11045,0.91644,0.43878,0.00394,0.9166,0.80194,0.87532,0.62213,1.02596,0.59564,0.00669,0.0032878,0.0032878,0.0032878
341,11075.6,0.90692,0.43705,0.00397,0.91516,0.80194,0.87431,0.62179,1.02569,0.60103,0.00671,0.003268,0.003268,0.003268
342,11106.1,0.90213,0.43039,0.004,0.91272,0.79996,0.87361,0.62134,1.02735,0.60033,0.00677,0.0032482,0.0032482,0.0032482
343,11136.8,0.88198,0.41458,0.00388,0.90597,0.80436,0.87517,0.62105,1.02639,0.60366,0.00676,0.0032284,0.0032284,0.0032284
344,11168,0.89696,0.43632,0.00401,0.9069,0.80105,0.87457,0.6219,1.02555,0.60352,0.00667,0.0032086,0.0032086,0.0032086
345,11199.1,0.90798,0.43127,0.0039,0.89603,0.81922,0.8751,0.62257,1.02508,0.60087,0.00667,0.0031888,0.0031888,0.0031888
346,11229.7,0.8844,0.43064,0.00401,0.89888,0.82113,0.87743,0.62279,1.02429,0.60238,0.00665,0.003169,0.003169,0.003169
347,11260.3,0.89564,0.43321,0.00396,0.89765,0.82146,0.87761,0.62292,1.02456,0.60014,0.00666,0.0031492,0.0031492,0.0031492
348,11290.8,0.88567,0.42041,0.00392,0.90008,0.82113,0.87627,0.62226,1.02449,0.60032,0.00666,0.0031294,0.0031294,0.0031294
349,11321.3,0.87643,0.42266,0.00396,0.89468,0.82469,0.87643,0.62227,1.02511,0.59796,0.00665,0.0031096,0.0031096,0.0031096
350,11352,0.90793,0.43494,0.004,0.91244,0.80154,0.87519,0.62101,1.02552,0.59869,0.00665,0.0030898,0.0030898,0.0030898
351,11382.5,0.89574,0.43033,0.00394,0.91129,0.80686,0.87432,0.62108,1.02434,0.60059,0.00664,0.00307,0.00307,0.00307
352,11413.1,0.87874,0.41869,0.00392,0.91132,0.81229,0.87454,0.62138,1.02475,0.59692,0.00663,0.0030502,0.0030502,0.0030502
353,11443.6,0.89245,0.42002,0.00386,0.91499,0.80719,0.87458,0.62183,1.02468,0.59585,0.00665,0.0030304,0.0030304,0.0030304
354,11474.2,0.86714,0.417,0.00385,0.91927,0.80407,0.87635,0.62226,1.02431,0.59422,0.00665,0.0030106,0.0030106,0.0030106
355,11505.1,0.92594,0.43886,0.00398,0.91888,0.80395,0.87484,0.62208,1.02445,0.5935,0.00665,0.0029908,0.0029908,0.0029908
356,11536.1,0.89785,0.41237,0.00386,0.91607,0.80964,0.87645,0.62214,1.0242,0.59028,0.00671,0.002971,0.002971,0.002971
357,11566.8,0.88735,0.42225,0.00388,0.91488,0.80682,0.87576,0.62213,1.02375,0.59193,0.00666,0.0029512,0.0029512,0.0029512
358,11597.5,0.89049,0.42714,0.00395,0.91332,0.80863,0.87604,0.62224,1.02443,0.58964,0.00669,0.0029314,0.0029314,0.0029314
359,11628,0.88996,0.41963,0.00385,0.9137,0.80484,0.87588,0.62257,1.02397,0.59012,0.00669,0.0029116,0.0029116,0.0029116
360,11658.6,0.90513,0.43445,0.00379,0.90539,0.81407,0.87386,0.6225,1.02528,0.58642,0.00672,0.0028918,0.0028918,0.0028918
361,11689.1,0.88096,0.41942,0.00382,0.90649,0.81679,0.8752,0.62248,1.02479,0.58701,0.00672,0.002872,0.002872,0.002872
362,11719.6,0.89239,0.41814,0.00382,0.90913,0.81154,0.8738,0.62188,1.02578,0.58477,0.00672,0.0028522,0.0028522,0.0028522
363,11750.2,0.84418,0.41788,0.00388,0.90628,0.81295,0.8738,0.62193,1.02505,0.58429,0.00669,0.0028324,0.0028324,0.0028324
364,11780.8,0.85957,0.41539,0.00389,0.90081,0.81712,0.87379,0.62131,1.02548,0.58166,0.00672,0.0028126,0.0028126,0.0028126
365,11811.2,0.8694,0.42131,0.00394,0.90538,0.81674,0.8743,0.62197,1.02527,0.57947,0.00671,0.0027928,0.0027928,0.0027928
366,11842.3,0.86471,0.40599,0.00375,0.90892,0.81636,0.87454,0.62224,1.02401,0.58042,0.00669,0.002773,0.002773,0.002773
367,11873.4,0.89083,0.42416,0.00377,0.90991,0.8096,0.8745,0.62147,1.02546,0.57917,0.0067,0.0027532,0.0027532,0.0027532
368,11904.2,0.88692,0.4281,0.00378,0.90814,0.81558,0.87613,0.62195,1.02565,0.57779,0.00671,0.0027334,0.0027334,0.0027334
369,11934.9,0.85799,0.40698,0.00384,0.89832,0.82066,0.87633,0.62143,1.02511,0.57853,0.00671,0.0027136,0.0027136,0.0027136
370,11965.8,0.88176,0.42072,0.00376,0.90315,0.82107,0.87686,0.62252,1.0252,0.57869,0.00671,0.0026938,0.0026938,0.0026938
371,11997.3,0.86007,0.41098,0.00377,0.90068,0.82262,0.87688,0.62269,1.02604,0.57726,0.00673,0.002674,0.002674,0.002674
372,12028.4,0.85021,0.40497,0.00375,0.90047,0.82421,0.87575,0.62224,1.02537,0.5774,0.00671,0.0026542,0.0026542,0.0026542
373,12059.8,0.888,0.4242,0.00378,0.89896,0.82222,0.87558,0.62209,1.02456,0.58066,0.0067,0.0026344,0.0026344,0.0026344
374,12090.9,0.86808,0.4188,0.00383,0.90106,0.81881,0.87511,0.62158,1.02377,0.58694,0.00671,0.0026146,0.0026146,0.0026146
375,12122.1,0.84915,0.40822,0.00378,0.90361,0.82093,0.87685,0.62292,1.02312,0.58278,0.00671,0.0025948,0.0025948,0.0025948
376,12155,0.82643,0.39973,0.00372,0.90519,0.82261,0.87575,0.62227,1.02379,0.58444,0.00671,0.002575,0.002575,0.002575
377,12191.7,0.87793,0.41273,0.00382,0.90528,0.82026,0.87598,0.62223,1.02347,0.5854,0.00671,0.0025552,0.0025552,0.0025552
378,12226.3,0.86018,0.4048,0.00372,0.90471,0.82095,0.87598,0.62153,1.02425,0.58349,0.00673,0.0025354,0.0025354,0.0025354
379,12257.3,0.84575,0.40503,0.00376,0.90428,0.82215,0.87499,0.62225,1.02159,0.58944,0.00669,0.0025156,0.0025156,0.0025156
380,12288.1,0.87419,0.40617,0.00363,0.90595,0.82183,0.87607,0.62127,1.02332,0.58766,0.00676,0.0024958,0.0024958,0.0024958
381,12321,0.85127,0.41149,0.0037,0.9089,0.81828,0.87576,0.62181,1.02354,0.58666,0.00675,0.002476,0.002476,0.002476
382,12356.2,0.86052,0.4147,0.00373,0.90737,0.81936,0.87568,0.62212,1.02346,0.58538,0.00675,0.0024562,0.0024562,0.0024562
383,12388.5,0.87319,0.39997,0.00357,0.9073,0.82064,0.87568,0.62212,1.02219,0.58797,0.00673,0.0024364,0.0024364,0.0024364
384,12422,0.84953,0.41296,0.00368,0.9061,0.8246,0.87711,0.62198,1.02265,0.58678,0.00673,0.0024166,0.0024166,0.0024166
385,12455.5,0.85224,0.40238,0.00375,0.90583,0.82483,0.87556,0.62158,1.0221,0.58782,0.00673,0.0023968,0.0023968,0.0023968
386,12488.3,0.86091,0.41516,0.00365,0.9073,0.82383,0.8757,0.62145,1.0226,0.58879,0.00674,0.002377,0.002377,0.002377
387,12520.3,0.86886,0.4069,0.00356,0.9048,0.82504,0.87583,0.62171,1.02318,0.58463,0.00674,0.0023572,0.0023572,0.0023572
388,12551,0.85599,0.4127,0.00369,0.90483,0.82215,0.87729,0.62179,1.02285,0.58592,0.00671,0.0023374,0.0023374,0.0023374
389,12582.2,0.83223,0.38783,0.00364,0.90818,0.82202,0.87591,0.62206,1.02286,0.58552,0.0067,0.0023176,0.0023176,0.0023176
390,12612.6,0.84504,0.39497,0.0036,0.90553,0.82426,0.87576,0.6222,1.02315,0.58574,0.00672,0.0022978,0.0022978,0.0022978
391,12643.5,0.84746,0.40662,0.0037,0.90845,0.82187,0.87564,0.6221,1.0218,0.58685,0.00665,0.002278,0.002278,0.002278
392,12674.4,0.84775,0.40793,0.00374,0.91031,0.82062,0.87574,0.62233,1.02068,0.58892,0.00663,0.0022582,0.0022582,0.0022582
393,12705,0.83702,0.39928,0.00366,0.90977,0.81708,0.87509,0.62204,1.02071,0.58873,0.00663,0.0022384,0.0022384,0.0022384
394,12740.7,0.86163,0.40929,0.00369,0.90914,0.81997,0.87506,0.62167,1.0209,0.58949,0.00663,0.0022186,0.0022186,0.0022186
395,12776.4,0.83913,0.3914,0.00361,0.90563,0.82137,0.87519,0.62201,1.02118,0.58825,0.00663,0.0021988,0.0021988,0.0021988
396,12810.6,0.817,0.38525,0.0036,0.90795,0.81753,0.87493,0.62218,1.02175,0.58664,0.00663,0.002179,0.002179,0.002179
397,12844.9,0.86969,0.40343,0.00348,0.90681,0.82021,0.87532,0.62251,1.02186,0.58549,0.00664,0.0021592,0.0021592,0.0021592
398,12878.9,0.8162,0.38401,0.00363,0.90744,0.81582,0.87523,0.62263,1.02142,0.58663,0.00663,0.0021394,0.0021394,0.0021394
399,12909.4,0.84641,0.41222,0.00365,0.90709,0.819,0.87577,0.623,1.02198,0.58492,0.00665,0.0021196,0.0021196,0.0021196
400,12939.9,0.82664,0.39368,0.00353,0.90937,0.81904,0.87583,0.62287,1.02154,0.58618,0.00665,0.0020998,0.0020998,0.0020998
401,12971.2,0.83347,0.38679,0.00359,0.9105,0.81664,0.87603,0.62287,1.02018,0.58935,0.00666,0.00208,0.00208,0.00208
402,13003.4,0.80773,0.38995,0.00372,0.90852,0.81667,0.87583,0.62253,1.02102,0.58936,0.00665,0.0020602,0.0020602,0.0020602
403,13035.3,0.84655,0.39679,0.00364,0.91144,0.81709,0.8755,0.62237,1.02132,0.58924,0.00665,0.0020404,0.0020404,0.0020404
404,13067.2,0.83983,0.39114,0.00352,0.91291,0.81669,0.87541,0.62283,1.02094,0.59091,0.00664,0.0020206,0.0020206,0.0020206
405,13099.5,0.86089,0.40629,0.00349,0.91249,0.81443,0.87531,0.62291,1.02119,0.58966,0.00666,0.0020008,0.0020008,0.0020008
406,13132.1,0.86068,0.40365,0.00357,0.91764,0.81142,0.87548,0.62293,1.02076,0.59061,0.00665,0.001981,0.001981,0.001981
407,13164.4,0.85074,0.41159,0.00362,0.9155,0.8133,0.87499,0.62284,1.02136,0.58875,0.00665,0.0019612,0.0019612,0.0019612
408,13196.6,0.82561,0.39611,0.00354,0.91218,0.81347,0.8742,0.6226,1.02069,0.58881,0.00664,0.0019414,0.0019414,0.0019414
409,13229,0.82898,0.395,0.00351,0.9147,0.81176,0.87391,0.62275,1.02081,0.59062,0.00668,0.0019216,0.0019216,0.0019216
410,13260.7,0.85548,0.40512,0.00373,0.91549,0.81253,0.87411,0.62274,1.02038,0.59141,0.00668,0.0019018,0.0019018,0.0019018
411,13292.2,0.81686,0.39087,0.00358,0.91383,0.81248,0.87411,0.62288,1.01992,0.5931,0.00667,0.001882,0.001882,0.001882
412,13323.5,0.84891,0.40894,0.00363,0.91124,0.81432,0.87375,0.62265,1.01922,0.59402,0.00666,0.0018622,0.0018622,0.0018622
413,13354.8,0.83667,0.4075,0.00359,0.9114,0.81307,0.87338,0.62206,1.02011,0.59274,0.00667,0.0018424,0.0018424,0.0018424
414,13386,0.82412,0.39232,0.00351,0.91239,0.81427,0.87381,0.62236,1.02053,0.59043,0.00668,0.0018226,0.0018226,0.0018226
415,13417.7,0.84369,0.40001,0.0036,0.91175,0.81436,0.87385,0.62248,1.02041,0.58957,0.00668,0.0018028,0.0018028,0.0018028
416,13449.9,0.82401,0.37986,0.00351,0.91126,0.8147,0.874,0.62284,1.01983,0.58942,0.00664,0.001783,0.001783,0.001783
417,13482.3,0.82815,0.3981,0.00346,0.91169,0.81553,0.87443,0.62291,1.02029,0.5898,0.00669,0.0017632,0.0017632,0.0017632
418,13514.1,0.82322,0.38832,0.00345,0.91104,0.81354,0.8739,0.62322,1.01917,0.59072,0.00664,0.0017434,0.0017434,0.0017434
419,13545.9,0.80755,0.38277,0.00351,0.91081,0.81461,0.87402,0.62307,1.01839,0.59132,0.00664,0.0017236,0.0017236,0.0017236
420,13577.8,0.82405,0.39537,0.00345,0.90982,0.81217,0.87407,0.62349,1.01862,0.59224,0.00663,0.0017038,0.0017038,0.0017038
421,13609.4,0.81956,0.38276,0.0034,0.90732,0.81433,0.87405,0.62292,1.01918,0.59261,0.00663,0.001684,0.001684,0.001684
422,13641,0.82269,0.39403,0.00352,0.90606,0.81524,0.87391,0.62255,1.01892,0.59378,0.00663,0.0016642,0.0016642,0.0016642
423,13672.2,0.81569,0.38802,0.00354,0.90648,0.81655,0.87405,0.62296,1.01842,0.59337,0.00663,0.0016444,0.0016444,0.0016444
424,13704,0.79971,0.38273,0.00348,0.90632,0.81507,0.87369,0.62309,1.01855,0.59327,0.00664,0.0016246,0.0016246,0.0016246
425,13736.3,0.82537,0.38669,0.00345,0.9064,0.81592,0.87438,0.62294,1.01905,0.593,0.00664,0.0016048,0.0016048,0.0016048
426,13767.9,0.82481,0.39065,0.00349,0.90824,0.81435,0.87357,0.6228,1.01896,0.59125,0.00665,0.001585,0.001585,0.001585
427,13799.8,0.82481,0.39207,0.00353,0.90846,0.81636,0.87408,0.62253,1.01879,0.59275,0.00665,0.0015652,0.0015652,0.0015652
428,13831.8,0.80376,0.38547,0.00344,0.9097,0.81428,0.87348,0.62247,1.01904,0.59244,0.00663,0.0015454,0.0015454,0.0015454
429,13864.2,0.82759,0.39578,0.00352,0.90873,0.81546,0.87357,0.62262,1.01916,0.59117,0.00664,0.0015256,0.0015256,0.0015256
430,13896.3,0.80432,0.38769,0.00347,0.90799,0.81552,0.87332,0.62238,1.01674,0.59746,0.00662,0.0015058,0.0015058,0.0015058
431,13928.2,0.8211,0.38899,0.00351,0.90692,0.81443,0.87331,0.62268,1.01709,0.59749,0.00662,0.001486,0.001486,0.001486
432,13959.9,0.80154,0.37624,0.00339,0.90835,0.81536,0.87358,0.62235,1.01707,0.59738,0.00663,0.0014662,0.0014662,0.0014662
433,13992,0.82426,0.38838,0.00343,0.90634,0.81736,0.87361,0.62234,1.01626,0.59801,0.00663,0.0014464,0.0014464,0.0014464
434,14023.7,0.82666,0.37724,0.00332,0.90728,0.81576,0.87355,0.62194,1.01701,0.59843,0.00663,0.0014266,0.0014266,0.0014266
435,14054.7,0.81048,0.3734,0.00341,0.9101,0.81597,0.8735,0.62187,1.01674,0.5989,0.00664,0.0014068,0.0014068,0.0014068
436,14086,0.80303,0.36811,0.0034,0.90887,0.81676,0.87348,0.62161,1.01685,0.60038,0.00663,0.001387,0.001387,0.001387
437,14117.5,0.83133,0.38967,0.00341,0.91023,0.81502,0.87349,0.62177,1.01789,0.60043,0.0067,0.0013672,0.0013672,0.0013672
438,14149.3,0.78744,0.37382,0.00343,0.91171,0.81258,0.8736,0.62206,1.01774,0.59962,0.0067,0.0013474,0.0013474,0.0013474
439,14181.3,0.79517,0.37856,0.00337,0.90907,0.81427,0.873,0.62193,1.01813,0.59932,0.0067,0.0013276,0.0013276,0.0013276
440,14213.4,0.80389,0.37676,0.00348,0.91187,0.81182,0.87353,0.62209,1.01721,0.60141,0.0067,0.0013078,0.0013078,0.0013078
441,14246.1,0.7943,0.36838,0.00333,0.91,0.81127,0.87295,0.62221,1.01736,0.60123,0.0067,0.001288,0.001288,0.001288
442,14278.2,0.81346,0.38493,0.00337,0.90972,0.81057,0.8729,0.62211,1.01684,0.60182,0.0067,0.0012682,0.0012682,0.0012682
443,14310.9,0.79291,0.3763,0.00346,0.90972,0.811,0.87285,0.62228,1.01687,0.60156,0.0067,0.0012484,0.0012484,0.0012484
444,14343.2,0.8223,0.38569,0.00335,0.91036,0.81107,0.87291,0.62221,1.01709,0.602,0.0067,0.0012286,0.0012286,0.0012286
445,14375.5,0.80771,0.38566,0.00347,0.91081,0.81118,0.87274,0.62222,1.01715,0.60204,0.0067,0.0012088,0.0012088,0.0012088
446,14407.1,0.79289,0.37589,0.00335,0.91096,0.81115,0.87297,0.62238,1.01653,0.60157,0.00669,0.001189,0.001189,0.001189
447,14438.8,0.82716,0.38705,0.00325,0.91004,0.81072,0.87123,0.62237,1.01714,0.60095,0.0067,0.0011692,0.0011692,0.0011692
448,14470.4,0.79319,0.36706,0.00335,0.91212,0.81143,0.87206,0.6225,1.01668,0.60226,0.0067,0.0011494,0.0011494,0.0011494
449,14503,0.81486,0.37796,0.00342,0.91225,0.8115,0.87341,0.62284,1.01728,0.60043,0.00669,0.0011296,0.0011296,0.0011296
450,14534.9,0.79057,0.37725,0.00346,0.91447,0.80951,0.8718,0.62271,1.01642,0.6027,0.0067,0.0011098,0.0011098,0.0011098
451,14566.8,0.81759,0.39592,0.00342,0.91218,0.80679,0.87109,0.62221,1.01614,0.60376,0.00668,0.00109,0.00109,0.00109
452,14598.8,0.80419,0.37931,0.00336,0.91151,0.80983,0.87171,0.6222,1.01662,0.6016,0.00669,0.0010702,0.0010702,0.0010702
453,14631.2,0.79589,0.37546,0.00332,0.91106,0.81047,0.87179,0.62248,1.01616,0.60253,0.00669,0.0010504,0.0010504,0.0010504
454,14663.3,0.80604,0.38413,0.00331,0.91074,0.81092,0.87184,0.62297,1.01627,0.60224,0.00669,0.0010306,0.0010306,0.0010306
455,14694.9,0.80552,0.39112,0.0034,0.91008,0.81092,0.87176,0.62281,1.01553,0.60278,0.00669,0.0010108,0.0010108,0.0010108
456,14727.3,0.78593,0.3697,0.00324,0.91096,0.80933,0.87377,0.62316,1.01568,0.60257,0.00666,0.000991,0.000991,0.000991
457,14758.7,0.79438,0.38529,0.00323,0.90982,0.8103,0.87375,0.62284,1.01549,0.60239,0.00667,0.0009712,0.0009712,0.0009712
458,14790,0.79215,0.37727,0.00327,0.91196,0.80891,0.87376,0.62265,1.01638,0.60192,0.00666,0.0009514,0.0009514,0.0009514
459,14821.4,0.80857,0.37979,0.00331,0.91056,0.80926,0.8737,0.62249,1.01649,0.60192,0.00666,0.0009316,0.0009316,0.0009316
460,14853.3,0.78112,0.37654,0.00334,0.91114,0.80981,0.87218,0.62223,1.01598,0.60142,0.00664,0.0009118,0.0009118,0.0009118
461,14885.5,0.81085,0.37727,0.00318,0.91116,0.80754,0.87164,0.62236,1.01592,0.59995,0.00665,0.000892,0.000892,0.000892
462,14916.9,0.7894,0.37494,0.00321,0.91274,0.80732,0.87226,0.62219,1.01545,0.60064,0.00665,0.0008722,0.0008722,0.0008722
463,14949.5,0.8082,0.37641,0.0033,0.91161,0.8075,0.87222,0.6221,1.0153,0.60148,0.00665,0.0008524,0.0008524,0.0008524
464,14981.6,0.79198,0.37402,0.00335,0.91292,0.80795,0.87233,0.62229,1.01622,0.59925,0.00667,0.0008326,0.0008326,0.0008326
465,15013.7,0.79758,0.37124,0.00313,0.91288,0.80828,0.87157,0.62269,1.01554,0.59981,0.00664,0.0008128,0.0008128,0.0008128
466,15046.1,0.79937,0.37309,0.00327,0.91576,0.80364,0.87207,0.62233,1.0157,0.60132,0.00666,0.000793,0.000793,0.000793
467,15077.9,0.78627,0.37713,0.00329,0.91093,0.80532,0.87141,0.62233,1.01711,0.59812,0.00666,0.0007732,0.0007732,0.0007732
468,15110,0.7834,0.36797,0.00313,0.91323,0.80693,0.8721,0.62271,1.01574,0.60019,0.00664,0.0007534,0.0007534,0.0007534
469,15141.4,0.78334,0.36756,0.00328,0.9166,0.80396,0.87206,0.62237,1.01675,0.59845,0.00666,0.0007336,0.0007336,0.0007336
470,15173.7,0.78066,0.36645,0.00327,0.9155,0.80396,0.87199,0.62258,1.01727,0.59907,0.00666,0.0007138,0.0007138,0.0007138
471,15205.9,0.78653,0.37612,0.00329,0.91444,0.80396,0.87186,0.62283,1.0168,0.59957,0.00665,0.000694,0.000694,0.000694
472,15238.2,0.78792,0.3744,0.0033,0.91335,0.80396,0.87168,0.62248,1.01631,0.60126,0.00665,0.0006742,0.0006742,0.0006742
473,15269.7,0.78347,0.37048,0.00323,0.91446,0.80392,0.87098,0.62247,1.01641,0.60001,0.00665,0.0006544,0.0006544,0.0006544
474,15301.6,0.78252,0.36878,0.00328,0.91371,0.80435,0.87166,0.62224,1.01625,0.59957,0.00665,0.0006346,0.0006346,0.0006346
475,15333.3,0.78923,0.37024,0.00329,0.91634,0.80396,0.87174,0.62221,1.01676,0.59828,0.00666,0.0006148,0.0006148,0.0006148
476,15365.5,0.76904,0.37046,0.00323,0.91323,0.80396,0.87163,0.62187,1.01668,0.59904,0.00666,0.000595,0.000595,0.000595
477,15397.4,0.76756,0.35576,0.00312,0.91475,0.80435,0.87158,0.62186,1.01652,0.59893,0.00665,0.0005752,0.0005752,0.0005752
478,15429.5,0.77778,0.38253,0.00328,0.91517,0.80358,0.87164,0.62172,1.01646,0.59812,0.00665,0.0005554,0.0005554,0.0005554
479,15461.8,0.76757,0.36658,0.00319,0.91139,0.80443,0.87154,0.62155,1.01638,0.59981,0.00666,0.0005356,0.0005356,0.0005356
480,15493.2,0.7918,0.37256,0.00323,0.91228,0.80404,0.87151,0.62197,1.01649,0.59888,0.00666,0.0005158,0.0005158,0.0005158
481,15524.8,0.75101,0.35913,0.00325,0.91282,0.80479,0.87141,0.62182,1.01634,0.59834,0.00665,0.000496,0.000496,0.000496
482,15555.9,0.80257,0.3866,0.00334,0.91259,0.80512,0.87132,0.62208,1.0167,0.59782,0.00665,0.0004762,0.0004762,0.0004762
483,15587.2,0.78096,0.37595,0.00324,0.91245,0.80529,0.87133,0.62216,1.01721,0.59734,0.00666,0.0004564,0.0004564,0.0004564
484,15619.6,0.77479,0.36425,0.00318,0.91335,0.8043,0.87131,0.6219,1.01693,0.59755,0.00665,0.0004366,0.0004366,0.0004366
485,15651.6,0.78151,0.3762,0.00326,0.9132,0.80266,0.87131,0.62197,1.01645,0.59871,0.00665,0.0004168,0.0004168,0.0004168
486,15683.6,0.7659,0.36308,0.00323,0.91246,0.80751,0.87119,0.62203,1.01695,0.59932,0.00666,0.000397,0.000397,0.000397
487,15715.3,0.75972,0.36007,0.00319,0.91385,0.80317,0.87108,0.62173,1.01656,0.60065,0.00665,0.0003772,0.0003772,0.0003772
488,15747,0.78285,0.35722,0.00317,0.91352,0.80553,0.87112,0.62183,1.0163,0.60101,0.00665,0.0003574,0.0003574,0.0003574
489,15778.6,0.77966,0.38119,0.00333,0.90971,0.80902,0.87011,0.62169,1.01677,0.60148,0.00665,0.0003376,0.0003376,0.0003376
490,15810.7,0.77798,0.36763,0.00326,0.9093,0.80953,0.87009,0.6213,1.01769,0.60007,0.00665,0.0003178,0.0003178,0.0003178
491,15854.1,0.7685,0.31801,0.00367,0.91341,0.80637,0.87106,0.62168,1.01733,0.60099,0.00666,0.000298,0.000298,0.000298
492,15885.5,0.7497,0.30667,0.00352,0.90818,0.80898,0.87,0.62183,1.01715,0.60139,0.00665,0.0002782,0.0002782,0.0002782
493,15916.5,0.74294,0.30224,0.00356,0.90811,0.80859,0.8699,0.62104,1.01725,0.60178,0.00665,0.0002584,0.0002584,0.0002584
494,15948,0.74182,0.30293,0.00344,0.91041,0.80859,0.86989,0.62143,1.01753,0.59999,0.00666,0.0002386,0.0002386,0.0002386
495,15979.7,0.73658,0.29861,0.00351,0.90974,0.80876,0.86988,0.6214,1.0179,0.60005,0.00665,0.0002188,0.0002188,0.0002188
496,16011.7,0.73834,0.29999,0.00341,0.9088,0.80738,0.86926,0.62125,1.01779,0.59978,0.00665,0.000199,0.000199,0.000199
497,16043.5,0.73577,0.2999,0.00333,0.90856,0.80898,0.86967,0.62163,1.01746,0.59969,0.00665,0.0001792,0.0001792,0.0001792
498,16074.9,0.73449,0.29797,0.00347,0.90822,0.81079,0.86969,0.62161,1.01723,0.60029,0.00664,0.0001594,0.0001594,0.0001594
499,16106.7,0.74114,0.30258,0.00339,0.89622,0.81549,0.86976,0.62179,1.01781,0.59842,0.00664,0.0001396,0.0001396,0.0001396
500,16138.2,0.72522,0.29973,0.00337,0.90636,0.81005,0.86912,0.62203,1.01687,0.59972,0.00664,0.0001198,0.0001198,0.0001198
